bairro,lat,lon,elevacao_m
Afogados,-8.0755654,-34.9078066,4.0
Água Fria,-8.0169662,-34.8982347,37.0
Alto José Bonifácio,-8.0129991,-34.9127978,70.0
Alto José do Pinho,-8.0212968,-34.9081116,30.0
Alto Santa Terezinha,-8.0102021,-34.9028848,58.0
Apipucos,-8.0190214,-34.9381275,52.0
Areias,-8.0941474,-34.9284115,11.0
Bairro do Beco,,,
Boa Viagem,-8.1235027,-34.9033955,6.0
Boa Vista,-8.0617501,-34.8872674,9.0
Brasília Teimosa,-8.0827799,-34.8789567,5.0
Brejo de Beberibe,-7.9983782,-34.9243090,27.0
Brum,-8.0548454,-34.8703424,6.0
Cabanga,-8.0798187,-34.8975605,5.0
Cais de Santa Rita,-8.0709159,-34.8774517,5.0
Cajueiro,-8.0120983,-34.8856628,32.0
Campina do Barreto,-8.0165641,-34.8820566,7.0
Campo Grande,-8.0316256,-34.8794090,5.0
Cantagalo,,,
Caranguejeiras,,,
Casa Amarela,-8.0246343,-34.9177530,16.0
Casa Forte,-8.0337811,-34.9183073,11.0
Cidade Universitária,-8.0544105,-34.9516183,12.0
Coelhos,-8.0676156,-34.8885284,4.0
Cohab,-8.1242976,-34.9487336,29.0
Coqueiral,-8.0914369,-34.9647161,13.0
Córrego do Jenipapo,-8.0064125,-34.9359494,23.0
Derby,-8.0577836,-34.8990371,7.0
Dois Irmãos,-8.0043519,-34.9528550,50.0
Dois Unidos,-7.9974518,-34.9108119,57.0
Encruzilhada,-8.0367282,-34.8908676,6.0
Engenho do Meio,-8.0565946,-34.9424194,8.0
Espinheiro,-8.0428691,-34.8912789,11.0
Estância,-8.0863713,-34.9291060,5.0
Fundão,-8.0148962,-34.8903969,31.0
Graças,-8.0451664,-34.9007686,11.0
Guabiraba,-7.9532851,-34.9537358,101.0
Hipódromo,-8.0325877,-34.8871118,7.0
Ibura,-8.1223529,-34.9321458,7.0
Ilha Joana Bezerra,-8.0708649,-34.8980461,4.0
Ilha do Leite,-8.0657057,-34.8941783,4.0
Ilha do Retiro,-8.0637510,-34.9038034,6.0
Imbiribeira,-8.0902049,-34.9075129,5.0
Ipsep,-8.1102316,-34.9198993,4.0
Iputinga,-8.0398236,-34.9373458,7.0
Jaqueira,-8.0359984,-34.9025994,12.0
Jardim São Paulo,-8.0807920,-34.9420633,6.0
Jiquiá,-8.0875245,-34.9245208,3.0
Jordão,-8.1331867,-34.9400643,38.0
Linha do Tiro,-8.0096520,-34.9052878,25.0
Macaxeira,-8.0118867,-34.9311631,21.0
Madalena,-8.0537581,-34.9083686,7.0
Mangabeira,-8.0243874,-34.9029783,33.0
Mangueira,-8.0767174,-34.9205039,5.0
Monteiro,-8.0263217,-34.9287912,20.0
Morro da Conceição,-8.0192749,-34.9144975,57.0
Mustardinha,-8.0723467,-34.9185223,6.0
Nova Descoberta,-8.0004280,-34.9304078,57.0
Parnamirim,-8.0338866,-34.9103960,8.0
Passarinho,-7.9818033,-34.9231801,43.0
Peixinhos,-8.0181465,-34.8769265,6.0
Pina,-8.0963033,-34.8946884,9.0
Poço da Panela,-8.0351063,-34.9238704,14.0
Prado,-8.0598858,-34.9139126,3.0
Rosarinho,-8.0322834,-34.8978494,6.0
San Martin,-8.0701962,-34.9287793,6.0
Santana,-8.0391933,-34.9159834,10.0
Santo Amaro,-8.0509304,-34.8814476,3.0
Santo Antônio,-8.0646919,-34.8779718,6.0
São José,-8.0703848,-34.8808162,6.0
Sítio dos Pintos,-8.0110993,-34.9585766,13.0
Soledade,-8.0559798,-34.8905611,7.0
Tabajara,,,
Tamarineira,-8.0324159,-34.9010191,14.0
Tejipió,-8.0903379,-34.9565819,18.0
Beberibe,-8.0048357,-34.8971736,15.0
Tejucupapo,-8.0734394,-34.9212383,5.0
Cordeiro,-8.0511193,-34.9285420,8.0
Curado,-8.0752233,-34.9793157,25.0
Colônia,-8.1043129,-34.9260205,3.0
Feitosa,-8.0327416,-34.8871888,7.0
Jacarará,,,
Vila São José,-8.0769412,-34.9016554,3.0
Torre,-8.0425107,-34.9074638,16.0
Torreão,-8.0403019,-34.8839172,6.0
Totó,-8.0819210,-34.9689530,23.0
Várzea,-8.0450381,-34.9691733,47.0
Vasco da Gama,-8.0117740,-34.9190540,43.0
