bairro,count
Afogados,46
Boa Viagem,43
São José,24
Dois Unidos,22
Guabiraba,19
Imbiribeira,10
Ibura,9
Cajueiro,8
Boa Vista,8
Beberibe,8
Jardim São Paulo,5
Areias,5
Santana,5
Ilha do Retiro,4
Várzea,4
Passarinho,4
Tejipió,3
San Martin,3
Iputinga,3
Água Fria,3
Coqueiral,3
Jiquiá,3
Derby,3
Curado,3
Jaqueira,3
Jordão,3
Cordeiro,3
Peixinhos,2
Campo Grande,2
Nova Descoberta,2
Casa Forte,2
Cabanga,2
Casa Amarela,2
Coelhos,2
Córrego do Jenipapo,2
Encruzilhada,2
Estância,2
Graças,2
Ipsep,2
Tabajara,1
Tamarineira,1
Madalena,1
Cais de Santa Rita,1
Mangueira,1
Alto Santa Terezinha,1
Ilha do Leite,1
Campina do Barreto,1
Torreão,1
Pina,1
Linha do Tiro,1
Santo Antônio,1
Santo Amaro,1
Dois Irmãos,1
