bairro,frequencia,score_freq,lat,lon,elevacao_m,score_elev,score_risco,nivel
Afogados,92.5,100.0,-8.0755654,-34.9078066,4.0,96.1,98.4,alto
Boa Viagem,83.5,90.3,-8.1235027,-34.9033955,6.0,94.1,91.8,alto
São José,47.5,51.4,-8.0703848,-34.8808162,6.0,94.1,68.5,alto
Imbiribeira,14.0,15.1,-8.0902049,-34.9075129,5.0,95.1,47.1,medio
Ibura,14.5,15.7,-8.1223529,-34.9321458,7.0,93.1,46.7,medio
Santana,13.0,14.1,-8.0391933,-34.9159834,10.0,90.2,44.5,medio
Boa Vista,10.0,10.8,-8.0617501,-34.8872674,9.0,91.2,43.0,medio
Jardim São Paulo,6.5,7.0,-8.080792,-34.9420633,6.0,94.1,41.8,medio
Ipsep,5.0,5.4,-8.1102316,-34.9198993,4.0,96.1,41.7,medio
Beberibe,11.0,11.9,-8.0048357,-34.8971736,15.0,85.3,41.3,medio
Ilha do Retiro,5.5,5.9,-8.063751,-34.9038034,6.0,94.1,41.2,medio
Jiquiá,3.5,3.8,-8.0875245,-34.9245208,3.0,97.1,41.1,medio
Campo Grande,4.5,4.9,-8.0316256,-34.879409,5.0,95.1,41.0,medio
Derby,5.5,5.9,-8.0577836,-34.8990371,7.0,93.1,40.8,medio
Santo Amaro,3.0,3.2,-8.0509304,-34.8814476,3.0,97.1,40.8,medio
San Martin,4.5,4.9,-8.0701962,-34.9287793,6.0,94.1,40.6,medio
Iputinga,4.5,4.9,-8.0398236,-34.9373458,7.0,93.1,40.2,medio
Coelhos,2.5,2.7,-8.0676156,-34.8885284,4.0,96.1,40.1,medio
Estância,2.5,2.7,-8.0863713,-34.929106,5.0,95.1,39.7,medio
Areias,6.0,6.5,-8.0941474,-34.9284115,11.0,89.2,39.6,medio
Peixinhos,3.0,3.2,-8.0181465,-34.8769265,6.0,94.1,39.6,medio
Santo Antônio,3.0,3.2,-8.0646919,-34.8779718,6.0,94.1,39.6,medio
Cordeiro,4.0,4.3,-8.0511193,-34.928542,8.0,92.2,39.5,medio
Ilha do Leite,1.5,1.6,-8.0657057,-34.8941783,4.0,96.1,39.4,medio
Cabanga,2.0,2.2,-8.0798187,-34.8975605,5.0,95.1,39.4,medio
Dois Unidos,33.0,35.7,-7.9974518,-34.9108119,57.0,44.1,39.1,medio
Cais de Santa Rita,1.5,1.6,-8.0709159,-34.8774517,5.0,95.1,39.0,medio
Mangueira,1.5,1.6,-8.0767174,-34.9205039,5.0,95.1,39.0,medio
Encruzilhada,2.0,2.2,-8.0367282,-34.8908676,6.0,94.1,39.0,medio
Torreão,1.5,1.6,-8.0403019,-34.8839172,6.0,94.1,38.6,medio
Graças,4.5,4.9,-8.0451664,-34.9007686,11.0,89.2,38.6,medio
Coqueiral,5.5,5.9,-8.0914369,-34.9647161,13.0,87.3,38.5,medio
Jaqueira,5.0,5.4,-8.0359984,-34.9025994,12.0,88.2,38.5,medio
Madalena,1.5,1.6,-8.0537581,-34.9083686,7.0,93.1,38.2,medio
Campina do Barreto,1.5,1.6,-8.0165641,-34.8820566,7.0,93.1,38.2,medio
Casa Forte,2.0,2.2,-8.0337811,-34.9183073,11.0,89.2,37.0,medio
Tejipió,6.0,6.5,-8.0903379,-34.9565819,18.0,82.4,36.9,medio
Pina,0.5,0.5,-8.0963033,-34.8946884,9.0,91.2,36.8,medio
Cajueiro,13.0,14.1,-8.0120983,-34.8856628,32.0,68.6,35.9,medio
Tamarineira,1.5,1.6,-8.0324159,-34.9010191,14.0,86.3,35.5,medio
Casa Amarela,2.0,2.2,-8.0246343,-34.917753,16.0,84.3,35.0,medio
Curado,4.5,4.9,-8.0752233,-34.9793157,25.0,75.5,33.1,medio
Córrego do Jenipapo,3.0,3.2,-8.0064125,-34.9359494,23.0,77.5,32.9,baixo
Guabiraba,48.0,51.9,-7.9532851,-34.9537358,101.0,1.0,31.5,baixo
Linha do Tiro,1.5,1.6,-8.009652,-34.9052878,25.0,75.5,31.2,baixo
Jordão,5.0,5.4,-8.1331867,-34.9400643,38.0,62.7,28.3,baixo
Água Fria,4.0,4.3,-8.0169662,-34.8982347,37.0,63.7,28.1,baixo
Passarinho,4.5,4.9,-7.9818033,-34.9231801,43.0,57.8,26.1,baixo
Várzea,5.5,5.9,-8.0450381,-34.9691733,47.0,53.9,25.1,baixo
Dois Irmãos,3.0,3.2,-8.0043519,-34.952855,50.0,51.0,22.3,baixo
Nova Descoberta,3.0,3.2,-8.000428,-34.9304078,57.0,44.1,19.6,baixo
Alto Santa Terezinha,1.5,1.6,-8.0102021,-34.9028848,58.0,43.1,18.2,baixo
Tabajara,1.5,1.6,,,,1.0,1.4,baixo
